{
	"credit": "Made with Blockbench",
	"textures": {
		"0": "block/smelter",
		"particle": "block/smelter"
	},
	"elements": [
		{
			"name": "base",
			"from": [0, 0, 0],
			"to": [16, 16, 15],
			"faces": {
				"north": {"uv": [8, 0, 16, 8], "texture": "#0"},
				"east": {"uv": [8.5, 0, 16, 8], "texture": "#0"},
				"south": {"uv": [0, 0, 8, 8], "texture": "#0"},
				"west": {"uv": [8, 0, 15.5, 8], "texture": "#0"},
				"up": {"uv": [0, 8, 8, 15.5], "texture": "#0"},
				"down": {"uv": [8, 8.5, 16, 16], "texture": "#0"}
			}
		},
		{
			"name": "down",
			"from": [0, 0, 15],
			"to": [16, 3, 16],
			"faces": {
				"north": {"uv": [0, 6.5, 8, 8], "texture": "#0"},
				"east": {"uv": [8, 6.5, 8.5, 8], "texture": "#0"},
				"south": {"uv": [0, 6.5, 8, 8], "texture": "#0"},
				"west": {"uv": [8, 6.5, 8.5, 8], "texture": "#0"},
				"up": {"uv": [0, 6.5, 8, 7], "texture": "#0"},
				"down": {"uv": [8, 15.5, 16, 16], "texture": "#0"}
			}
		},
		{
			"name": "left",
			"from": [0, 3, 15],
			"to": [4, 9, 16],
			"faces": {
				"north": {"uv": [0, 3.5, 2, 6.5], "texture": "#0"},
				"east": {"uv": [1.5, 3.5, 2, 6.5], "texture": "#0"},
				"south": {"uv": [0, 3.5, 2, 6.5], "texture": "#0"},
				"west": {"uv": [15.5, 3.5, 16, 6.5], "texture": "#0"},
				"up": {"uv": [0, 3.5, 2, 4], "texture": "#0"},
				"down": {"uv": [0, 6, 2, 6.5], "texture": "#0"}
			}
		},
		{
			"name": "right",
			"from": [12, 3, 15],
			"to": [16, 9, 16],
			"faces": {
				"north": {"uv": [6, 3.5, 8, 6.5], "texture": "#0"},
				"east": {"uv": [8.5, 3.5, 8, 6.5], "texture": "#0"},
				"south": {"uv": [6, 3.5, 8, 6.5], "texture": "#0"},
				"west": {"uv": [6, 3.5, 6.5, 6.5], "texture": "#0"},
				"up": {"uv": [6, 3.5, 8, 4], "texture": "#0"},
				"down": {"uv": [6, 6, 8, 6.5], "texture": "#0"}
			}
		},
		{
			"name": "up",
			"from": [0, 9, 15],
			"to": [16, 16, 16],
			"faces": {
				"north": {"uv": [0, 0, 8, 3.5], "texture": "#0"},
				"east": {"uv": [8, 0, 8.5, 3.5], "texture": "#0"},
				"south": {"uv": [0, 0, 8, 3.5], "texture": "#0"},
				"west": {"uv": [15.5, 0, 16, 3.5], "texture": "#0"},
				"up": {"uv": [0, 8, 8, 8.5], "texture": "#0"},
				"down": {"uv": [0, 3, 8, 3.5], "texture": "#0"}
			}
		},
		{
			"name": "midle",
			"from": [4, 3, 15],
			"to": [12, 9, 15.9],
			"faces": {
				"north": {"uv": [2, 3.5, 6, 6.5], "texture": "#0"},
				"east": {"uv": [2, 3.5, 6, 6.5], "texture": "#0"},
				"south": {"uv": [2, 3.5, 6, 6.5], "texture": "#0"},
				"west": {"uv": [2, 3.5, 6, 6.5], "texture": "#0"},
				"up": {"uv": [2, 3.5, 6, 6.5], "texture": "#0"},
				"down": {"uv": [2, 3.5, 6, 6.5], "texture": "#0"}
			}
		}
	],
	"display": {
		"thirdperson_righthand": {
			"rotation": [75, 45, 0],
			"translation": [0, 2.5, 0],
			"scale": [0.375, 0.375, 0.375]
		},
		"thirdperson_lefthand": {
			"rotation": [75, 45, 0],
			"translation": [0, 2.5, 0],
			"scale": [0.375, 0.375, 0.375]
		},
		"firstperson_righthand": {
			"rotation": [0, 45, 0],
			"scale": [0.4, 0.4, 0.4]
		},
		"firstperson_lefthand": {
			"rotation": [0, 225, 0],
			"scale": [0.4, 0.4, 0.4]
		},
		"ground": {
			"translation": [0, 3, 0],
			"scale": [0.25, 0.25, 0.25]
		},
		"gui": {
			"rotation": [30, 225, 0],
			"scale": [0.625, 0.625, -0.625]
		},
		"fixed": {
			"rotation": [-90, 0, 0],
			"translation": [0, 0, -16],
			"scale": [2.001, 2.001, 2.001]
		}
	},
	"groups": [
		0,
		{
			"name": "face",
			"origin": [0, 0, 0],
			"color": 0,
			"children": [1, 2, 3, 4, 5]
		}
	]
}