{
	"credit": "Made with Blockbench",
	"textures": {
		"16": "custom/rocket",
		"particle": "items/rocket/hat_c"
	},
	"elements": [
		{
			"name": "dessous",
			"from": [1, 18, 1],
			"to": [15, 19, 15],
			"rotation": {"angle": 0, "axis": "y", "origin": [0, 17, 0]},
			"faces": {
				"north": {"uv": [0, 16, 4.86957, 15.65217], "texture": "#16"},
				"east": {"uv": [0, 15.65217, 4.86957, 16], "texture": "#16"},
				"south": {"uv": [0, 15.65217, 4.86957, 16], "texture": "#16"},
				"west": {"uv": [0, 15.65217, 4.86957, 16], "texture": "#16"},
				"up": {"uv": [0, 11.13043, 4.86957, 16], "texture": "#16"},
				"down": {"uv": [11.13043, 11.13043, 16, 16], "texture": "#16"}
			}
		},
		{
			"name": "pointe",
			"from": [2, 19, 2],
			"to": [14, 20, 14],
			"rotation": {"angle": 0, "axis": "y", "origin": [8, 27, 8]},
			"faces": {
				"north": {"uv": [0.34783, 15.30435, 4.52174, 15.65217], "texture": "#16"},
				"east": {"uv": [0.34783, 15.30435, 4.52174, 15.65217], "texture": "#16"},
				"south": {"uv": [0.34783, 15.30435, 4.52174, 15.65217], "texture": "#16"},
				"west": {"uv": [0.34783, 15.30435, 4.52174, 15.65217], "texture": "#16"},
				"up": {"uv": [0.34783, 11.47826, 4.52174, 15.65217], "texture": "#16"},
				"down": {"uv": [0.34783, 11.47826, 4.52174, 15.65217], "texture": "#16"}
			}
		},
		{
			"name": "pointe",
			"from": [3, 20, 3],
			"to": [13, 21, 13],
			"rotation": {"angle": 0, "axis": "y", "origin": [2, 20, 1]},
			"faces": {
				"north": {"uv": [0.69565, 14.95652, 4.17391, 15.30435], "texture": "#16"},
				"east": {"uv": [0.69565, 14.95652, 4.17391, 15.30435], "texture": "#16"},
				"south": {"uv": [0.69565, 14.95652, 4.17391, 15.30435], "texture": "#16"},
				"west": {"uv": [0.69565, 14.95652, 4.17391, 15.30435], "texture": "#16"},
				"up": {"uv": [0.69565, 11.82609, 4.17391, 15.30435], "texture": "#16"},
				"down": {"uv": [0.69565, 11.82609, 4.17391, 15.30435], "texture": "#16"}
			}
		},
		{
			"name": "pointe",
			"from": [4, 21, 4],
			"to": [12, 22, 12],
			"rotation": {"angle": 0, "axis": "y", "origin": [2, 21, 1]},
			"faces": {
				"north": {"uv": [1.04348, 14.6087, 3.82609, 14.95652], "texture": "#16"},
				"east": {"uv": [1.04348, 14.6087, 3.82609, 14.95652], "texture": "#16"},
				"south": {"uv": [1.04348, 14.6087, 3.82609, 14.95652], "texture": "#16"},
				"west": {"uv": [1.04348, 14.6087, 3.82609, 14.95652], "texture": "#16"},
				"up": {"uv": [1.04348, 12.17391, 3.82609, 14.95652], "texture": "#16"},
				"down": {"uv": [1.04348, 12.17391, 3.82609, 14.95652], "texture": "#16"}
			}
		},
		{
			"name": "pointe",
			"from": [5, 22, 5],
			"to": [11, 23, 11],
			"rotation": {"angle": 0, "axis": "y", "origin": [2, 22, 1]},
			"faces": {
				"north": {"uv": [1.3913, 14.26087, 3.47826, 14.6087], "texture": "#16"},
				"east": {"uv": [1.3913, 14.26087, 3.47826, 14.6087], "texture": "#16"},
				"south": {"uv": [1.3913, 14.26087, 3.47826, 14.6087], "texture": "#16"},
				"west": {"uv": [1.3913, 14.26087, 3.47826, 14.6087], "texture": "#16"},
				"up": {"uv": [1.3913, 12.52174, 3.47826, 14.6087], "texture": "#16"},
				"down": {"uv": [1.3913, 12.52174, 3.47826, 14.6087], "texture": "#16"}
			}
		},
		{
			"name": "pointe",
			"from": [6, 23, 6],
			"to": [10, 24, 10],
			"rotation": {"angle": 0, "axis": "y", "origin": [3, 23, 2]},
			"faces": {
				"north": {"uv": [1.73913, 13.91304, 3.13043, 14.26087], "texture": "#16"},
				"east": {"uv": [1.73913, 13.91304, 3.13043, 14.26087], "texture": "#16"},
				"south": {"uv": [1.73913, 13.91304, 3.13043, 14.26087], "texture": "#16"},
				"west": {"uv": [1.73913, 13.91304, 3.13043, 14.26087], "texture": "#16"},
				"up": {"uv": [1.73913, 12.86957, 3.13043, 14.26087], "texture": "#16"},
				"down": {"uv": [1.73913, 12.86957, 3.13043, 14.26087], "texture": "#16"}
			}
		},
		{
			"name": "pic",
			"from": [7, 24, 7],
			"to": [9, 32, 9],
			"rotation": {"angle": 0, "axis": "y", "origin": [4, 24, 3]},
			"faces": {
				"north": {"uv": [15.30435, 0, 16, 2.78261], "texture": "#16"},
				"east": {"uv": [15.30435, 0, 16, 2.78261], "texture": "#16"},
				"south": {"uv": [15.30435, 0, 16, 2.78261], "texture": "#16"},
				"west": {"uv": [15.30435, 0, 16, 2.78261], "texture": "#16"},
				"up": {"uv": [15.30435, 0, 16, 0.69565], "texture": "#16"},
				"down": {"uv": [15.30435, 2.08696, 16, 2.78261], "texture": "#16"}
			}
		},
		{
			"name": "dessous",
			"from": [1, -14, 1],
			"to": [15, -13, 15],
			"rotation": {"angle": 0, "axis": "y", "origin": [0, -14, 0]},
			"faces": {
				"north": {"uv": [11.13043, 11.13043, 16, 16], "texture": "#16"},
				"east": {"uv": [11.13043, 11.13043, 16, 16], "texture": "#16"},
				"south": {"uv": [11.13043, 11.13043, 16, 16], "texture": "#16"},
				"west": {"uv": [11.13043, 11.13043, 16, 16], "texture": "#16"},
				"up": {"uv": [11.13043, 11.13043, 16, 16], "texture": "#16"},
				"down": {"uv": [11.13043, 11.13043, 16, 16], "texture": "#16"}
			}
		},
		{
			"name": "Face Sud",
			"from": [1, -14, 15],
			"to": [15, 18, 16],
			"rotation": {"angle": 0, "axis": "y", "origin": [0, -14, 15]},
			"faces": {
				"north": {"uv": [0, 0, 4.86957, 11.13043], "texture": "#16"},
				"east": {"uv": [0, 0, 0.34783, 11.13043], "texture": "#16"},
				"south": {"uv": [0, 0, 4.86957, 11.13043], "texture": "#16"},
				"west": {"uv": [4.52174, 0, 4.86957, 11.13043], "texture": "#16"},
				"up": {"uv": [0, 0, 4.86957, 0.34783], "texture": "#16"},
				"down": {"uv": [0, 10.78261, 4.86957, 11.13043], "texture": "#16"}
			}
		},
		{
			"name": "Face Est",
			"from": [15, -14, 0],
			"to": [16, 18, 16],
			"rotation": {"angle": 0, "axis": "y", "origin": [15, -14, 1]},
			"faces": {
				"north": {"uv": [4.86957, 0, 5.21739, 11.13043], "texture": "#16"},
				"east": {"uv": [4.86957, 0, 10.43478, 11.13043], "texture": "#16"},
				"south": {"uv": [10.08696, 0, 10.43478, 11.13043], "texture": "#16"},
				"west": {"uv": [4.86957, 0, 10.43478, 11.13043], "texture": "#16"},
				"up": {"uv": [4.86957, 0, 10.43478, 0.34783], "texture": "#16"},
				"down": {"uv": [4.86957, 10.78261, 10.43478, 11.13043], "texture": "#16"}
			}
		},
		{
			"name": "Face Ouest",
			"from": [0, -14, 0],
			"to": [1, 18, 16],
			"rotation": {"angle": 0, "axis": "y", "origin": [15, -14, 1]},
			"faces": {
				"north": {"uv": [4.86957, 0, 5.21739, 11.13043], "texture": "#16"},
				"east": {"uv": [4.86957, 0, 10.43478, 11.13043], "texture": "#16"},
				"south": {"uv": [10.08696, 0, 10.43478, 11.13043], "texture": "#16"},
				"west": {"uv": [4.86957, 0, 10.43478, 11.13043], "texture": "#16"},
				"up": {"uv": [4.86957, 0, 10.43478, 0.34783], "texture": "#16"},
				"down": {"uv": [4.86957, 10.78261, 10.43478, 11.13043], "texture": "#16"}
			}
		},
		{
			"name": "Bas",
			"from": [1, -14, 0],
			"to": [15, 6, 1],
			"rotation": {"angle": 0, "axis": "y", "origin": [8, 8, 0.5]},
			"faces": {
				"north": {"uv": [10.43478, 4.17391, 15.30435, 11.13043], "texture": "#16"},
				"east": {"uv": [14.95652, 4.17391, 15.30435, 11.13043], "texture": "#16"},
				"south": {"uv": [10.43478, 4.17391, 15.30435, 11.13043], "texture": "#16"},
				"west": {"uv": [10.43478, 4.17391, 10.78261, 11.13043], "texture": "#16"},
				"up": {"uv": [10.43478, 4.17391, 15.30435, 4.52174], "texture": "#16"},
				"down": {"uv": [10.43478, 10.78261, 15.30435, 11.13043], "texture": "#16"}
			}
		},
		{
			"name": "droite",
			"from": [1, 6, 0],
			"to": [4, 14, 1],
			"rotation": {"angle": 0, "axis": "y", "origin": [-3, 8, 0.5]},
			"faces": {
				"north": {"uv": [14.26087, 1.04348, 15.30435, 4.52174], "texture": "#16"},
				"east": {"uv": [14.26087, 1.04348, 14.6087, 4.52174], "texture": "#16"},
				"south": {"uv": [15.30435, 1.04348, 14.26087, 4.52174], "texture": "#16"},
				"west": {"uv": [14.95652, 1.04348, 15.30435, 4.52174], "texture": "#16"},
				"up": {"uv": [15.30435, 1.04348, 14.26087, 1.3913], "texture": "#16"},
				"down": {"uv": [15.30435, 4.17391, 14.26087, 4.52174], "texture": "#16"}
			}
		},
		{
			"name": "gauche",
			"from": [12, 6, 0],
			"to": [15, 14, 1],
			"rotation": {"angle": 0, "axis": "y", "origin": [19, 8, 0.5]},
			"faces": {
				"north": {"uv": [10.43478, 1.04348, 11.47826, 4.52174], "texture": "#16"},
				"east": {"uv": [10.43478, 1.04348, 10.78261, 4.52174], "texture": "#16"},
				"south": {"uv": [11.47826, 1.04348, 10.43478, 4.52174], "texture": "#16"},
				"west": {"uv": [11.13043, 1.04348, 11.47826, 4.52174], "texture": "#16"},
				"up": {"uv": [11.47826, 1.04348, 10.43478, 1.3913], "texture": "#16"},
				"down": {"uv": [11.47826, 4.17391, 10.43478, 4.52174], "texture": "#16"}
			}
		},
		{
			"name": "Haut",
			"from": [1, 14, 0],
			"to": [15, 18, 1],
			"rotation": {"angle": 0, "axis": "y", "origin": [8, 8, 0.5]},
			"faces": {
				"north": {"uv": [10.43478, 0, 15.30435, 1.3913], "texture": "#16"},
				"east": {"uv": [10.43478, 0, 10.78261, 1.3913], "texture": "#16"},
				"south": {"uv": [10.43478, 0, 15.30435, 1.3913], "texture": "#16"},
				"west": {"uv": [14.95652, 0, 15.30435, 1.3913], "texture": "#16"},
				"up": {"uv": [10.43478, 0, 15.30435, 0.34783], "texture": "#16"},
				"down": {"uv": [10.43478, 1.04348, 15.30435, 1.3913], "texture": "#16"}
			}
		},
		{
			"name": "A",
			"from": [7.5, -9, -2],
			"to": [8.5, -2, 0],
			"rotation": {"angle": 0, "axis": "y", "origin": [7.5, -9, -2]},
			"faces": {
				"north": {"uv": [8.69565, 13.56522, 8.34783, 11.13043], "texture": "#16"},
				"east": {"uv": [8.69565, 13.56522, 8, 11.13043], "texture": "#16"},
				"south": {"uv": [8.34783, 13.56522, 8, 11.13043], "texture": "#16"},
				"west": {"uv": [8.69565, 13.56522, 8, 11.13043], "texture": "#16"},
				"up": {"uv": [8.34783, 11.47826, 8, 11.13043], "texture": "#16"},
				"down": {"uv": [8.34783, 13.56522, 8, 13.21739], "texture": "#16"}
			}
		},
		{
			"name": "B",
			"from": [7.5, -10, -4],
			"to": [8.5, -3, -2],
			"rotation": {"angle": 0, "axis": "y", "origin": [7.5, -9, -2]},
			"faces": {
				"north": {"uv": [9.3913, 11.47826, 9.04348, 13.91304], "texture": "#16"},
				"east": {"uv": [8.69565, 11.47826, 9.3913, 13.91304], "texture": "#16"},
				"south": {"uv": [8.69565, 11.47826, 9.04348, 13.91304], "texture": "#16"},
				"west": {"uv": [9.3913, 11.47826, 8.69565, 13.91304], "texture": "#16"},
				"up": {"uv": [9.04348, 11.82609, 8.69565, 11.47826], "texture": "#16"},
				"down": {"uv": [9.04348, 13.91304, 8.69565, 13.56522], "texture": "#16"}
			}
		},
		{
			"name": "C",
			"from": [7.5, -12, -6],
			"to": [8.5, -5, -4],
			"rotation": {"angle": 0, "axis": "y", "origin": [7.5, -9, -2]},
			"faces": {
				"north": {"uv": [10.08696, 12.17391, 9.73913, 14.6087], "texture": "#16"},
				"east": {"uv": [9.3913, 12.17391, 10.08696, 14.6087], "texture": "#16"},
				"south": {"uv": [9.3913, 12.17391, 9.73913, 14.6087], "texture": "#16"},
				"west": {"uv": [10.08696, 12.17391, 9.3913, 14.6087], "texture": "#16"},
				"up": {"uv": [9.73913, 12.52174, 9.3913, 12.17391], "texture": "#16"},
				"down": {"uv": [9.73913, 14.6087, 9.3913, 14.26087], "texture": "#16"}
			}
		},
		{
			"name": "D",
			"from": [7.5, -15, -8],
			"to": [8.5, -8, -6],
			"rotation": {"angle": 0, "axis": "y", "origin": [7.5, -15, -8]},
			"faces": {
				"north": {"uv": [10.43478, 13.21739, 10.78261, 15.65217], "texture": "#16"},
				"east": {"uv": [10.08696, 13.21739, 10.78261, 15.65217], "texture": "#16"},
				"south": {"uv": [10.08696, 13.21739, 10.43478, 15.65217], "texture": "#16"},
				"west": {"uv": [10.78261, 13.21739, 10.08696, 15.65217], "texture": "#16"},
				"up": {"uv": [10.08696, 13.21739, 10.43478, 13.56522], "texture": "#16"},
				"down": {"uv": [10.08696, 13.21739, 10.78261, 15.65217], "texture": "#16"}
			}
		},
		{
			"name": "E",
			"from": [7.5, -16, -9],
			"to": [8.5, -3, -8],
			"rotation": {"angle": 0, "axis": "y", "origin": [7.5, -16, -9]},
			"faces": {
				"north": {"uv": [10.78261, 11.47826, 11.13043, 16], "texture": "#16"},
				"east": {"uv": [10.78261, 11.47826, 11.13043, 16], "texture": "#16"},
				"south": {"uv": [10.78261, 11.47826, 11.13043, 16], "texture": "#16"},
				"west": {"uv": [10.78261, 11.47826, 11.13043, 16], "texture": "#16"},
				"up": {"uv": [10.78261, 11.47826, 11.13043, 11.82609], "texture": "#16"},
				"down": {"uv": [10.78261, 15.65217, 11.13043, 16], "texture": "#16"}
			}
		},
		{
			"name": "A",
			"from": [7.5, -9, 16],
			"to": [8.5, -2, 18],
			"rotation": {"angle": 0, "axis": "y", "origin": [8, -8.3, -4.9]},
			"faces": {
				"north": {"uv": [7.65217, 13.56522, 8, 11.13043], "texture": "#16"},
				"east": {"uv": [7.30435, 13.56522, 8, 11.13043], "texture": "#16"},
				"south": {"uv": [7.30435, 13.56522, 7.65217, 11.13043], "texture": "#16"},
				"west": {"uv": [7.30435, 13.56522, 8, 11.13043], "texture": "#16"},
				"up": {"uv": [7.30435, 11.47826, 7.65217, 11.13043], "rotation": 180, "texture": "#16"},
				"down": {"uv": [7.30435, 13.56522, 7.65217, 13.21739], "rotation": 180, "texture": "#16"}
			}
		},
		{
			"name": "B",
			"from": [7.5, -10, 18],
			"to": [8.5, -3, 20],
			"rotation": {"angle": 0, "axis": "y", "origin": [8, -8.3, -4.9]},
			"faces": {
				"north": {"uv": [7.30435, 11.47826, 6.95652, 13.91304], "texture": "#16"},
				"east": {"uv": [6.6087, 11.47826, 7.30435, 13.91304], "texture": "#16"},
				"south": {"uv": [6.6087, 11.47826, 6.95652, 13.91304], "texture": "#16"},
				"west": {"uv": [7.30435, 11.47826, 6.6087, 13.91304], "texture": "#16"},
				"up": {"uv": [6.6087, 11.82609, 6.95652, 11.47826], "rotation": 180, "texture": "#16"},
				"down": {"uv": [6.6087, 13.91304, 6.95652, 13.56522], "rotation": 180, "texture": "#16"}
			}
		},
		{
			"name": "C",
			"from": [7.5, -12, 20],
			"to": [8.5, -5, 22],
			"rotation": {"angle": 0, "axis": "y", "origin": [8, -8.3, -4.9]},
			"faces": {
				"north": {"uv": [6.6087, 12.17391, 6.26087, 14.6087], "texture": "#16"},
				"east": {"uv": [5.91304, 12.17391, 6.6087, 14.6087], "texture": "#16"},
				"south": {"uv": [5.91304, 12.17391, 6.26087, 14.6087], "texture": "#16"},
				"west": {"uv": [6.6087, 12.17391, 5.91304, 14.6087], "texture": "#16"},
				"up": {"uv": [5.91304, 12.52174, 6.26087, 12.17391], "rotation": 180, "texture": "#16"},
				"down": {"uv": [5.91304, 14.6087, 6.26087, 14.26087], "rotation": 180, "texture": "#16"}
			}
		},
		{
			"name": "D",
			"from": [7.5, -15, 22],
			"to": [8.5, -8, 24],
			"rotation": {"angle": 0, "axis": "y", "origin": [8, -8.3, -4.9]},
			"faces": {
				"north": {"uv": [5.91304, 13.21739, 5.56522, 15.65217], "texture": "#16"},
				"east": {"uv": [5.21739, 13.21739, 5.91304, 15.65217], "texture": "#16"},
				"south": {"uv": [5.56522, 13.21739, 5.21739, 15.65217], "texture": "#16"},
				"west": {"uv": [5.91304, 13.21739, 5.21739, 15.65217], "texture": "#16"},
				"up": {"uv": [5.56522, 13.21739, 5.21739, 13.56522], "rotation": 180, "texture": "#16"},
				"down": {"uv": [5.91304, 13.21739, 5.21739, 15.65217], "rotation": 180, "texture": "#16"}
			}
		},
		{
			"name": "E",
			"from": [7.5, -16, 24],
			"to": [8.5, -3, 25],
			"rotation": {"angle": 0, "axis": "y", "origin": [8, -8.3, -4.9]},
			"faces": {
				"north": {"uv": [5.21739, 11.47826, 4.86957, 16], "texture": "#16"},
				"east": {"uv": [5.21739, 11.47826, 4.86957, 16], "texture": "#16"},
				"south": {"uv": [5.21739, 11.47826, 4.86957, 16], "texture": "#16"},
				"west": {"uv": [5.21739, 11.47826, 4.86957, 16], "texture": "#16"},
				"up": {"uv": [5.21739, 11.47826, 4.86957, 11.82609], "rotation": 180, "texture": "#16"},
				"down": {"uv": [5.21739, 15.65217, 4.86957, 16], "rotation": 180, "texture": "#16"}
			}
		},
		{
			"name": "A",
			"from": [16, -9, 7.5],
			"to": [18, -2, 8.5],
			"rotation": {"angle": 0, "axis": "y", "origin": [8, -8.3, 8]},
			"faces": {
				"north": {"uv": [8.69565, 13.56522, 8, 11.13043], "texture": "#16"},
				"east": {"uv": [8.69565, 13.56522, 8.34783, 11.13043], "texture": "#16"},
				"south": {"uv": [8.69565, 13.56522, 8, 11.13043], "texture": "#16"},
				"west": {"uv": [8.34783, 13.56522, 8, 11.13043], "texture": "#16"},
				"up": {"uv": [8.34783, 11.47826, 8, 11.13043], "rotation": 90, "texture": "#16"},
				"down": {"uv": [8.34783, 13.56522, 8, 13.21739], "rotation": 270, "texture": "#16"}
			}
		},
		{
			"name": "B",
			"from": [18, -10, 7.5],
			"to": [20, -3, 8.5],
			"rotation": {"angle": 0, "axis": "y", "origin": [8, -8.3, 8]},
			"faces": {
				"north": {"uv": [9.3913, 11.47826, 8.69565, 13.91304], "texture": "#16"},
				"east": {"uv": [9.3913, 11.47826, 9.04348, 13.91304], "texture": "#16"},
				"south": {"uv": [8.69565, 11.47826, 9.3913, 13.91304], "texture": "#16"},
				"west": {"uv": [8.69565, 11.47826, 9.04348, 13.91304], "texture": "#16"},
				"up": {"uv": [9.04348, 11.82609, 8.69565, 11.47826], "rotation": 90, "texture": "#16"},
				"down": {"uv": [9.04348, 13.91304, 8.69565, 13.56522], "rotation": 270, "texture": "#16"}
			}
		},
		{
			"name": "C",
			"from": [20, -12, 7.5],
			"to": [22, -5, 8.5],
			"rotation": {"angle": 0, "axis": "y", "origin": [8, -8.3, 8]},
			"faces": {
				"north": {"uv": [10.08696, 12.17391, 9.3913, 14.6087], "texture": "#16"},
				"east": {"uv": [10.08696, 12.17391, 9.73913, 14.6087], "texture": "#16"},
				"south": {"uv": [9.3913, 12.17391, 10.08696, 14.6087], "texture": "#16"},
				"west": {"uv": [9.3913, 12.17391, 9.73913, 14.6087], "texture": "#16"},
				"up": {"uv": [9.73913, 12.52174, 9.3913, 12.17391], "rotation": 90, "texture": "#16"},
				"down": {"uv": [9.73913, 14.6087, 9.3913, 14.26087], "rotation": 270, "texture": "#16"}
			}
		},
		{
			"name": "D",
			"from": [22, -15, 7.5],
			"to": [24, -8, 8.5],
			"rotation": {"angle": 0, "axis": "y", "origin": [8, -8.3, 8]},
			"faces": {
				"north": {"uv": [10.78261, 13.21739, 10.08696, 15.65217], "texture": "#16"},
				"east": {"uv": [10.43478, 13.21739, 10.78261, 15.65217], "texture": "#16"},
				"south": {"uv": [10.08696, 13.21739, 10.78261, 15.65217], "texture": "#16"},
				"west": {"uv": [10.08696, 13.21739, 10.43478, 15.65217], "texture": "#16"},
				"up": {"uv": [10.08696, 13.21739, 10.43478, 13.56522], "rotation": 90, "texture": "#16"},
				"down": {"uv": [10.08696, 13.21739, 10.78261, 15.65217], "rotation": 270, "texture": "#16"}
			}
		},
		{
			"name": "E",
			"from": [24, -16, 7.5],
			"to": [25, -3, 8.5],
			"rotation": {"angle": 0, "axis": "y", "origin": [8, -8.3, 8]},
			"faces": {
				"north": {"uv": [10.78261, 11.47826, 11.13043, 16], "texture": "#16"},
				"east": {"uv": [10.78261, 11.47826, 11.13043, 16], "texture": "#16"},
				"south": {"uv": [10.78261, 11.47826, 11.13043, 16], "texture": "#16"},
				"west": {"uv": [10.78261, 11.47826, 11.13043, 16], "texture": "#16"},
				"up": {"uv": [10.78261, 11.47826, 11.13043, 11.82609], "rotation": 90, "texture": "#16"},
				"down": {"uv": [10.78261, 15.65217, 11.13043, 16], "rotation": 270, "texture": "#16"}
			}
		},
		{
			"name": "A",
			"from": [-2, -9, 7.5],
			"to": [0, -2, 8.5],
			"rotation": {"angle": 0, "axis": "y", "origin": [8, -8.3, 8]},
			"faces": {
				"north": {"uv": [7.30435, 13.56522, 8, 11.13043], "texture": "#16"},
				"east": {"uv": [7.65217, 13.56522, 8, 11.13043], "texture": "#16"},
				"south": {"uv": [7.30435, 13.56522, 8, 11.13043], "texture": "#16"},
				"west": {"uv": [7.30435, 13.56522, 7.65217, 11.13043], "texture": "#16"},
				"up": {"uv": [7.30435, 11.47826, 7.65217, 11.13043], "rotation": 270, "texture": "#16"},
				"down": {"uv": [7.30435, 13.56522, 7.65217, 13.21739], "rotation": 90, "texture": "#16"}
			}
		},
		{
			"name": "B",
			"from": [-4, -10, 7.5],
			"to": [-2, -3, 8.5],
			"rotation": {"angle": 0, "axis": "y", "origin": [8, -8.3, 8]},
			"faces": {
				"north": {"uv": [7.30435, 11.47826, 6.6087, 13.91304], "texture": "#16"},
				"east": {"uv": [7.30435, 11.47826, 6.95652, 13.91304], "texture": "#16"},
				"south": {"uv": [6.6087, 11.47826, 7.30435, 13.91304], "texture": "#16"},
				"west": {"uv": [6.6087, 11.47826, 6.95652, 13.91304], "texture": "#16"},
				"up": {"uv": [6.6087, 11.82609, 6.95652, 11.47826], "rotation": 270, "texture": "#16"},
				"down": {"uv": [6.6087, 13.91304, 6.95652, 13.56522], "rotation": 90, "texture": "#16"}
			}
		},
		{
			"name": "C",
			"from": [-6, -12, 7.5],
			"to": [-4, -5, 8.5],
			"rotation": {"angle": 0, "axis": "y", "origin": [8, -8.3, 8]},
			"faces": {
				"north": {"uv": [6.6087, 12.17391, 5.91304, 14.6087], "texture": "#16"},
				"east": {"uv": [6.6087, 12.17391, 6.26087, 14.6087], "texture": "#16"},
				"south": {"uv": [5.91304, 12.17391, 6.6087, 14.6087], "texture": "#16"},
				"west": {"uv": [5.91304, 12.17391, 6.26087, 14.6087], "texture": "#16"},
				"up": {"uv": [5.91304, 12.52174, 6.26087, 12.17391], "rotation": 270, "texture": "#16"},
				"down": {"uv": [5.91304, 14.6087, 6.26087, 14.26087], "rotation": 90, "texture": "#16"}
			}
		},
		{
			"name": "D",
			"from": [-8, -15, 7.5],
			"to": [-6, -8, 8.5],
			"rotation": {"angle": 0, "axis": "y", "origin": [8, -8.3, 8]},
			"faces": {
				"north": {"uv": [5.91304, 13.21739, 5.21739, 15.65217], "texture": "#16"},
				"east": {"uv": [5.91304, 13.21739, 5.56522, 15.65217], "texture": "#16"},
				"south": {"uv": [5.21739, 13.21739, 5.91304, 15.65217], "texture": "#16"},
				"west": {"uv": [5.56522, 13.21739, 5.21739, 15.65217], "texture": "#16"},
				"up": {"uv": [5.56522, 13.21739, 5.21739, 13.56522], "rotation": 270, "texture": "#16"},
				"down": {"uv": [5.91304, 13.21739, 5.21739, 15.65217], "rotation": 90, "texture": "#16"}
			}
		},
		{
			"name": "E",
			"from": [-9, -16, 7.5],
			"to": [-8, -3, 8.5],
			"rotation": {"angle": 0, "axis": "y", "origin": [8, -8.3, 8]},
			"faces": {
				"north": {"uv": [5.21739, 11.47826, 4.86957, 16], "texture": "#16"},
				"east": {"uv": [5.21739, 11.47826, 4.86957, 16], "texture": "#16"},
				"south": {"uv": [5.21739, 11.47826, 4.86957, 16], "texture": "#16"},
				"west": {"uv": [5.21739, 11.47826, 4.86957, 16], "texture": "#16"},
				"up": {"uv": [5.21739, 11.47826, 4.86957, 11.82609], "rotation": 270, "texture": "#16"},
				"down": {"uv": [5.21739, 15.65217, 4.86957, 16], "rotation": 90, "texture": "#16"}
			}
		}
	],
	"display": {
		"thirdperson_righthand": {
			"rotation": [-90, 0, -90],
			"translation": [0, 0, -8]
		},
		"thirdperson_lefthand": {
			"rotation": [-90, 0, -90],
			"translation": [0, 0, -8]
		},
		"firstperson_righthand": {
			"rotation": [0, -180, 0],
			"translation": [0, 4.25, 0],
			"scale": [0.26, 0.26, 0.26]
		},
		"firstperson_lefthand": {
			"rotation": [0, -180, 0],
			"translation": [0, 4.25, 0],
			"scale": [0.26, 0.26, 0.26]
		},
		"ground": {
			"translation": [0, 16, 0],
			"scale": [0.8, 0.8, 0.8]
		},
		"gui": {
			"rotation": [-14, -180, 41],
			"translation": [2, 1.5, 0],
			"scale": [0.4, 0.4, 0.38]
		},
		"head": {
			"translation": [0, -3.5, 0],
			"scale": [2, 2, 2]
		},
		"fixed": {
			"rotation": [-90, 0, 0],
			"translation": [0, 0, -34.5],
			"scale": [2, 2, 2]
		}
	},
	"groups": [
		{
			"name": "rocket",
			"origin": [8, 8, 8],
			"color": 0,
			"children": [
				{
					"name": "chapeau",
					"origin": [0, 0, 0],
					"color": 0,
					"children": [
						0,
						{
							"name": "pointe",
							"origin": [0, 0, 0],
							"color": 0,
							"children": [1, 2, 3, 4, 5]
						},
						6
					]
				},
				{
					"name": "body",
					"origin": [8, 8, 8],
					"color": 0,
					"children": [
						7,
						{
							"name": "Faces",
							"origin": [0, 0, 0],
							"color": 0,
							"children": [
								8,
								9,
								10,
								{
									"name": "Face Nord",
									"origin": [0, 0, 0],
									"color": 0,
									"children": [11, 12, 13, 14]
								}
							]
						}
					]
				},
				{
					"name": "côtés",
					"origin": [8, 8, 8],
					"color": 0,
					"children": [
						{
							"name": "Nord",
							"origin": [8, 8, 8],
							"color": 0,
							"children": [15, 16, 17, 18, 19]
						},
						{
							"name": "Sud",
							"origin": [8, 8, 8],
							"color": 0,
							"children": [20, 21, 22, 23, 24]
						},
						{
							"name": "Ouet",
							"origin": [8, 8, 8],
							"color": 0,
							"children": [25, 26, 27, 28, 29]
						},
						{
							"name": "Est",
							"origin": [8, 8, 8],
							"color": 0,
							"children": [30, 31, 32, 33, 34]
						}
					]
				}
			]
		}
	]
}