{
	"credit": "Made with Blockbench",
	"parent": "block/cube_all",
	"texture_size": [64, 64],
	"textures": {
		"1": "galactipack:item/launchpad_block",
		"particle": "galactipack:item/launchpad_block"
	},
	"elements": [
		{
			"name": "base",
			"from": [0, 0, 0],
			"to": [16, 16, 16],
			"faces": {
				"north": {"uv": [0, 4, 4, 8], "texture": "#1"},
				"east": {"uv": [0, 0, 4, 4], "texture": "#1"},
				"south": {"uv": [0, 0, 4, 4], "texture": "#1"},
				"west": {"uv": [0, 0, 4, 4], "texture": "#1"},
				"up": {"uv": [8, 4, 4, 0], "texture": "#1"},
				"down": {"uv": [4, 4, 8, 8], "texture": "#1"}
			}
		},
		{
			"name": "high E",
			"from": [12, 20, 3],
			"to": [14, 22, 13],
			"rotation": {"angle": 0, "axis": "y", "origin": [8, 17, 8]},
			"faces": {
				"north": {"uv": [8, 1, 8.5, 1.5], "texture": "#1"},
				"east": {"uv": [8, 1, 10.5, 1.5], "texture": "#1"},
				"south": {"uv": [10, 1, 10.5, 1.5], "texture": "#1"},
				"west": {"uv": [8, 1, 10.5, 1.5], "texture": "#1"},
				"up": {"uv": [10.5, 0.5, 8, 0], "rotation": 90, "texture": "#1"},
				"down": {"uv": [8, 1, 10.5, 0.5], "rotation": 90, "texture": "#1"}
			}
		},
		{
			"name": "low E",
			"from": [11, 19, 4],
			"to": [13, 20, 12],
			"rotation": {"angle": 0, "axis": "y", "origin": [8, 17, 8]},
			"faces": {
				"north": {"uv": [9.5, 1.5, 10, 1.75], "texture": "#1"},
				"east": {"uv": [8, 1.5, 10, 1.75], "texture": "#1"},
				"south": {"uv": [8, 1.5, 8.5, 1.75], "texture": "#1"},
				"west": {"uv": [8, 1.5, 10, 1.75], "texture": "#1"},
				"up": {"uv": [10, 2.75, 8, 2.25], "rotation": 90, "texture": "#1"},
				"down": {"uv": [8, 2.25, 10, 1.75], "rotation": 90, "texture": "#1"}
			}
		},
		{
			"name": "low W",
			"from": [3, 19, 4],
			"to": [5, 20, 12],
			"rotation": {"angle": 0, "axis": "y", "origin": [8, 17, 8]},
			"faces": {
				"north": {"uv": [9.5, 1.5, 10, 1.75], "texture": "#1"},
				"east": {"uv": [8, 1.5, 10, 1.75], "texture": "#1"},
				"south": {"uv": [8, 1.5, 8.5, 1.75], "texture": "#1"},
				"west": {"uv": [8, 1.5, 10, 1.75], "texture": "#1"},
				"up": {"uv": [10, 2.75, 8, 2.25], "rotation": 90, "texture": "#1"},
				"down": {"uv": [8, 2.25, 10, 1.75], "rotation": 90, "texture": "#1"}
			}
		},
		{
			"name": "low N",
			"from": [4, 19, 3],
			"to": [12, 20, 5],
			"rotation": {"angle": 0, "axis": "y", "origin": [8, 17, 8]},
			"faces": {
				"north": {"uv": [8, 1.5, 10, 1.75], "texture": "#1"},
				"east": {"uv": [9.5, 1.5, 10, 1.75], "texture": "#1"},
				"south": {"uv": [8, 1.5, 10, 1.75], "texture": "#1"},
				"west": {"uv": [8, 1.5, 8.5, 1.75], "texture": "#1"},
				"up": {"uv": [10, 2.75, 8, 2.25], "texture": "#1"},
				"down": {"uv": [10, 1.75, 8, 2.25], "texture": "#1"}
			}
		},
		{
			"name": "high N",
			"from": [3, 20, 2],
			"to": [13, 22, 4],
			"rotation": {"angle": 0, "axis": "y", "origin": [8, 17, 8]},
			"faces": {
				"north": {"uv": [8, 1, 10.5, 1.5], "texture": "#1"},
				"east": {"uv": [8, 1, 8.5, 1.5], "texture": "#1"},
				"south": {"uv": [8, 1, 10.5, 1.5], "texture": "#1"},
				"west": {"uv": [10, 1, 10.5, 1.5], "texture": "#1"},
				"up": {"uv": [10.5, 0.5, 8, 0], "texture": "#1"},
				"down": {"uv": [10.5, 0.5, 8, 1], "texture": "#1"}
			}
		},
		{
			"name": "high W",
			"from": [2, 20, 3],
			"to": [4, 22, 13],
			"rotation": {"angle": 0, "axis": "y", "origin": [8, 17, 8]},
			"faces": {
				"north": {"uv": [10, 1, 10.5, 1.5], "texture": "#1"},
				"east": {"uv": [8, 1, 10.5, 1.5], "texture": "#1"},
				"south": {"uv": [8, 1, 8.5, 1.5], "texture": "#1"},
				"west": {"uv": [8, 1, 10.5, 1.5], "texture": "#1"},
				"up": {"uv": [10.5, 0.5, 8, 0], "rotation": 90, "texture": "#1"},
				"down": {"uv": [8, 1, 10.5, 0.5], "rotation": 90, "texture": "#1"}
			}
		},
		{
			"name": "high S",
			"from": [3, 20, 12],
			"to": [13, 22, 14],
			"rotation": {"angle": 0, "axis": "y", "origin": [8, 17, 8]},
			"faces": {
				"north": {"uv": [8, 1, 10.5, 1.5], "texture": "#1"},
				"east": {"uv": [8, 1, 8.5, 1.5], "texture": "#1"},
				"south": {"uv": [8, 1, 10.5, 1.5], "texture": "#1"},
				"west": {"uv": [10, 1, 10.5, 1.5], "texture": "#1"},
				"up": {"uv": [10.5, 0.5, 8, 0], "texture": "#1"},
				"down": {"uv": [10.5, 0.5, 8, 1], "texture": "#1"}
			}
		},
		{
			"name": "low S",
			"from": [4, 19, 11],
			"to": [12, 20, 13],
			"rotation": {"angle": 0, "axis": "y", "origin": [8, 17, 8]},
			"faces": {
				"north": {"uv": [8, 1.5, 10, 1.75], "texture": "#1"},
				"east": {"uv": [9.5, 1.5, 10, 1.75], "texture": "#1"},
				"south": {"uv": [8, 1.5, 10, 1.75], "texture": "#1"},
				"west": {"uv": [8, 1.5, 8.5, 1.75], "texture": "#1"},
				"up": {"uv": [10, 2.75, 8, 2.25], "texture": "#1"},
				"down": {"uv": [10, 1.75, 8, 2.25], "texture": "#1"}
			}
		},
		{
			"name": "plate base",
			"from": [4, 18, 4],
			"to": [12, 19, 12],
			"rotation": {"angle": 0, "axis": "y", "origin": [8, 17, 8]},
			"faces": {
				"north": {"uv": [8, 8, 10, 8.25], "texture": "#1"},
				"east": {"uv": [8, 8, 8.25, 10], "rotation": 90, "texture": "#1"},
				"south": {"uv": [8, 9.75, 10, 10], "texture": "#1"},
				"west": {"uv": [9.75, 8, 10, 10], "rotation": 90, "texture": "#1"},
				"up": {"uv": [4, 8, 8, 12], "rotation": 270, "texture": "#1"},
				"down": {"uv": [8, 8, 10, 10], "texture": "#1"}
			}
		},
		{
			"name": "orange plot",
			"from": [6, 16, 6],
			"to": [10, 18, 10],
			"faces": {
				"north": {"uv": [8, 2.75, 9, 3.25], "texture": "#1"},
				"east": {"uv": [8, 2.75, 9, 3.25], "texture": "#1"},
				"south": {"uv": [8, 2.75, 9, 3.25], "texture": "#1"},
				"west": {"uv": [8, 2.75, 9, 3.25], "texture": "#1"},
				"up": {"uv": [16, 16, 16, 16], "texture": "#1"},
				"down": {"uv": [16, 16, 16, 16], "texture": "#1"}
			}
		},
		{
			"name": "planet",
			"from": [5, 25, 5],
			"to": [11, 31, 11],
			"rotation": {"angle": -22.5, "axis": "z", "origin": [8, 28, 8]},
			"faces": {
				"north": {"uv": [0, 8, 4, 12], "texture": "#1"},
				"east": {"uv": [0, 8, 4, 12], "texture": "#1"},
				"south": {"uv": [0, 8, 4, 12], "texture": "#1"},
				"west": {"uv": [0, 8, 4, 12], "texture": "#1"},
				"up": {"uv": [4, 12, 0, 8], "texture": "#1"},
				"down": {"uv": [4, 8, 0, 12], "texture": "#1"}
			}
		},
		{
			"name": "a",
			"from": [7, 13, -2],
			"to": [9, 15, 0],
			"faces": {
				"north": {"uv": [9, 3.25, 9.5, 3.75], "texture": "#1"},
				"east": {"uv": [9, 2.75, 9.5, 3.25], "texture": "#1"},
				"south": {"uv": [9, 3, 9.5, 3.5], "texture": "#1"},
				"west": {"uv": [9, 3.25, 9.5, 3.75], "texture": "#1"},
				"up": {"uv": [9, 3.25, 9.5, 3.75], "texture": "#1"},
				"down": {"uv": [9, 3.5, 9.5, 4], "texture": "#1"}
			}
		},
		{
			"name": "b",
			"from": [6.99, 9.11944, -7.54579],
			"to": [9.01, 13.11944, -5.54579],
			"rotation": {"angle": 22.5, "axis": "x", "origin": [0, 0.11944, -0.04579]},
			"faces": {
				"north": {"uv": [9, 2.75, 9.5, 3.75], "texture": "#1"},
				"east": {"uv": [9, 2.75, 9.5, 3.75], "texture": "#1"},
				"south": {"uv": [9, 2.75, 9.5, 3.75], "texture": "#1"},
				"west": {"uv": [9, 2.75, 9.5, 3.75], "texture": "#1"},
				"up": {"uv": [9, 3, 9.5, 3.5], "texture": "#1"},
				"down": {"uv": [9, 3, 9.5, 3.5], "texture": "#1"}
			}
		},
		{
			"name": "c",
			"from": [7, 8.80448, -3.53073],
			"to": [9, 11.30448, -1.53073],
			"rotation": {"angle": 0, "axis": "y", "origin": [0, 0.00448, -0.03073]},
			"faces": {
				"north": {"uv": [9, 3, 9.5, 3.75], "texture": "#1"},
				"east": {"uv": [9, 3, 9.5, 3.75], "texture": "#1"},
				"south": {"uv": [9, 3, 9.5, 3.75], "texture": "#1"},
				"west": {"uv": [9, 3, 9.5, 3.75], "texture": "#1"},
				"up": {"uv": [9, 3, 9.5, 3.5], "texture": "#1"},
				"down": {"uv": [9, 3.25, 9.5, 3.75], "texture": "#1"}
			}
		},
		{
			"name": "d",
			"from": [6.99, 4.52804, -0.29315],
			"to": [9.01, 9.52804, 1.70685],
			"rotation": {"angle": -22.5, "axis": "x", "origin": [0, 1.02804, -0.09315]},
			"faces": {
				"north": {"uv": [9, 2.75, 9.5, 4], "texture": "#1"},
				"east": {"uv": [9, 2.75, 9.5, 4], "texture": "#1"},
				"south": {"uv": [9, 2.75, 9.5, 4], "texture": "#1"},
				"west": {"uv": [9, 2.75, 9.5, 4], "texture": "#1"},
				"up": {"uv": [9, 2.75, 9.5, 3.25], "texture": "#1"},
				"down": {"uv": [8, 3.25, 9, 4.25], "texture": "#1"}
			}
		},
		{
			"name": "droplet",
			"from": [7.5, 3.8, -2.25],
			"to": [8.5, 4.8, -1.25],
			"rotation": {"angle": 45, "axis": "x", "origin": [7.5, 3.1, -2]},
			"faces": {
				"north": {"uv": [10, 1.5, 10.5, 2], "rotation": 90, "texture": "#1"},
				"east": {"uv": [10, 1.5, 10.5, 2], "rotation": 90, "texture": "#1"},
				"south": {"uv": [10, 1.5, 10.5, 2], "texture": "#1"},
				"west": {"uv": [10, 1.5, 10.5, 2], "rotation": 270, "texture": "#1"},
				"up": {"uv": [10, 1.5, 10.5, 2], "texture": "#1"},
				"down": {"uv": [10, 1.5, 10.5, 2], "texture": "#1"}
			}
		}
	],
	"display": {
		"fixed": {
			"rotation": [-90, 0, 0],
			"translation": [0, 0, -16],
			"scale": [2.001, 2.001, 2.001]
		}
	},
	"groups": [
		0,
		{
			"name": "extra up",
			"origin": [8, 8, 8],
			"color": 0,
			"children": [
				{
					"name": "plate",
					"origin": [0, 0, 0],
					"color": 0,
					"children": [1, 2, 3, 4, 5, 6, 7, 8]
				},
				9,
				10
			]
		},
		11,
		{
			"name": "extra pipe",
			"origin": [8, 8, 8],
			"color": 0,
			"children": [12, 13, 14, 15, 16]
		}
	]
}