{
	"credit": "Made with Blockbench",
	"textures": {
		"0": "items/ui_slot_color",
		"particle": "items/ui_slot_color"
	},
	"elements": [
		{
			"name": "filled_slot",
			"from": [-1, -1, 0],
			"to": [17, 17, 1],
			"rotation": {"angle": 0, "axis": "x", "origin": [8.5, 0.5, 8.5]},
			"faces": {
				"north": {"uv": [0, 0, 16, 16], "rotation": 180, "texture": "#0"},
				"east": {"uv": [0, 0, 16, 1], "rotation": 90, "texture": "#0"},
				"south": {"uv": [0, 0, 16, 16], "texture": "#0"},
				"west": {"uv": [0, 0, 16, 1], "rotation": 270, "texture": "#0"},
				"up": {"uv": [0, 0, 16, 1], "texture": "#0"},
				"down": {"uv": [0, 0, 16, 1], "rotation": 180, "texture": "#0"}
			}
		}
	],
	"display": {}
}