{
	"credit": "Made with Blockbench",
	"texture_size": [32, 32],
	"textures": {
		"1": "custom/oxygen_compressor"
	},
	"elements": [
		{
			"name": "base",
			"from": [0, 0, 0],
			"to": [16, 16, 16],
			"faces": {
				"north": {"uv": [0, 0, 8, 8], "texture": "#1"},
				"east": {"uv": [0, 8, 8, 0], "texture": "#1"},
				"south": {"uv": [0, 8, 8, 16], "texture": "#1"},
				"west": {"uv": [0, 0, 8, 8], "texture": "#1"},
				"up": {"uv": [8, 0, 16, 8], "texture": "#1"},
				"down": {"uv": [16, 8, 8, 16], "texture": "#1"}
			}
		},
		{
			"from": [4, 16, 12],
			"to": [5, 17, 13],
			"faces": {
				"north": {"uv": [9.5, 1.5, 10, 2], "texture": "#1"},
				"east": {"uv": [9.5, 1.5, 10, 2], "texture": "#1"},
				"south": {"uv": [9.5, 1.5, 10, 2], "texture": "#1"},
				"west": {"uv": [9.5, 1.5, 10, 2], "texture": "#1"},
				"up": {"uv": [9.5, 1.5, 10, 2], "texture": "#1"},
				"down": {"uv": [9.5, 1.5, 10, 2], "texture": "#1"}
			}
		},
		{
			"from": [3, 16, 10],
			"to": [4, 17, 11],
			"faces": {
				"north": {"uv": [9.5, 1.5, 10, 2], "texture": "#1"},
				"east": {"uv": [9.5, 1.5, 10, 2], "texture": "#1"},
				"south": {"uv": [9.5, 1.5, 10, 2], "texture": "#1"},
				"west": {"uv": [9.5, 1.5, 10, 2], "texture": "#1"},
				"up": {"uv": [9.5, 1.5, 10, 2], "texture": "#1"},
				"down": {"uv": [9.5, 1.5, 10, 2], "texture": "#1"}
			}
		},
		{
			"from": [5, 16, 10],
			"to": [6, 17, 11],
			"faces": {
				"north": {"uv": [9.5, 1.5, 10, 2], "texture": "#1"},
				"east": {"uv": [9.5, 1.5, 10, 2], "texture": "#1"},
				"south": {"uv": [9.5, 1.5, 10, 2], "texture": "#1"},
				"west": {"uv": [9.5, 1.5, 10, 2], "texture": "#1"},
				"up": {"uv": [9.5, 1.5, 10, 2], "texture": "#1"},
				"down": {"uv": [9.5, 1.5, 10, 2], "texture": "#1"}
			}
		},
		{
			"from": [11, 16, 12],
			"to": [12, 17, 13],
			"faces": {
				"north": {"uv": [9.5, 1.5, 10, 2], "texture": "#1"},
				"east": {"uv": [9.5, 1.5, 10, 2], "texture": "#1"},
				"south": {"uv": [9.5, 1.5, 10, 2], "texture": "#1"},
				"west": {"uv": [9.5, 1.5, 10, 2], "texture": "#1"},
				"up": {"uv": [9.5, 1.5, 10, 2], "texture": "#1"},
				"down": {"uv": [9.5, 1.5, 10, 2], "texture": "#1"}
			}
		},
		{
			"from": [10, 16, 10],
			"to": [11, 17, 11],
			"faces": {
				"north": {"uv": [9.5, 1.5, 10, 2], "texture": "#1"},
				"east": {"uv": [9.5, 1.5, 10, 2], "texture": "#1"},
				"south": {"uv": [9.5, 1.5, 10, 2], "texture": "#1"},
				"west": {"uv": [9.5, 1.5, 10, 2], "texture": "#1"},
				"up": {"uv": [9.5, 1.5, 10, 2], "texture": "#1"},
				"down": {"uv": [9.5, 1.5, 10, 2], "texture": "#1"}
			}
		},
		{
			"from": [12, 16, 10],
			"to": [13, 17, 11],
			"faces": {
				"north": {"uv": [9.5, 1.5, 10, 2], "texture": "#1"},
				"east": {"uv": [9.5, 1.5, 10, 2], "texture": "#1"},
				"south": {"uv": [9.5, 1.5, 10, 2], "texture": "#1"},
				"west": {"uv": [9.5, 1.5, 10, 2], "texture": "#1"},
				"up": {"uv": [9.5, 1.5, 10, 2], "texture": "#1"},
				"down": {"uv": [9.5, 1.5, 10, 2], "texture": "#1"}
			}
		},
		{
			"name": "line button",
			"from": [6, 16, 12],
			"to": [10, 17, 13],
			"faces": {
				"north": {"uv": [9.5, 1.5, 10, 2], "texture": "#1"},
				"east": {"uv": [9.5, 1.5, 10, 2], "texture": "#1"},
				"south": {"uv": [9.5, 1.5, 10, 2], "texture": "#1"},
				"west": {"uv": [9.5, 1.5, 10, 2], "texture": "#1"},
				"up": {"uv": [9.5, 1.5, 10, 2], "texture": "#1"},
				"down": {"uv": [9.5, 1.5, 10, 2], "texture": "#1"}
			}
		},
		{
			"name": "screen",
			"from": [3, 16, 3],
			"to": [13, 17, 9],
			"faces": {
				"north": {"uv": [9.5, 1.5, 14.5, 2], "texture": "#1"},
				"east": {"uv": [14, 1.5, 14.5, 4.5], "rotation": 90, "texture": "#1"},
				"south": {"uv": [9.5, 4, 14.5, 4.5], "texture": "#1"},
				"west": {"uv": [9.5, 1.5, 10, 4.5], "rotation": 90, "texture": "#1"},
				"up": {"uv": [9.5, 1.5, 14.5, 4.5], "texture": "#1"},
				"down": {"uv": [9.5, 4.5, 14.5, 1.5], "texture": "#1"}
			}
		},
		{
			"name": "extra side",
			"from": [3, 10, 9],
			"to": [13, 17, 13],
			"rotation": {"angle": 22.5, "axis": "x", "origin": [0, 0, 0]},
			"faces": {
				"north": {"uv": [2, 10.5, 6, 13], "texture": "#1"},
				"east": {"uv": [6, 10.5, 6.5, 13.5], "texture": "#1"},
				"south": {"uv": [2, 10.5, 6, 13], "texture": "#1"},
				"west": {"uv": [1.5, 10.5, 2, 13.5], "texture": "#1"},
				"up": {"uv": [1.5, 10, 6.5, 10.5], "texture": "#1"},
				"down": {"uv": [1.5, 13, 6.5, 13.5], "texture": "#1"}
			}
		}
	],
	"display": {
		"thirdperson_righthand": {
			"rotation": [75, 45, 0],
			"translation": [0, 2.5, 0],
			"scale": [0.375, 0.375, 0.375]
		},
		"thirdperson_lefthand": {
			"rotation": [75, 45, 0],
			"translation": [0, 2.5, 0],
			"scale": [0.375, 0.375, 0.375]
		},
		"firstperson_righthand": {
			"rotation": [0, 45, 0],
			"scale": [0.4, 0.4, 0.4]
		},
		"firstperson_lefthand": {
			"rotation": [0, 225, 0],
			"scale": [0.4, 0.4, 0.4]
		},
		"ground": {
			"translation": [0, 3, 0],
			"scale": [0.25, 0.25, 0.25]
		},
		"gui": {
			"rotation": [30, 225, 0],
			"scale": [0.625, 0.625, -0.625]
		},
		"fixed": {
			"rotation": [-90, 0, 0],
			"translation": [0, 0, -16],
			"scale": [2.001, 2.001, 2.001]
		}
	},
	"groups": [
		0,
		{
			"name": "extra up",
			"origin": [0, 0, 0],
			"color": 0,
			"children": [
				{
					"name": "left dots",
					"origin": [0, 0, 0],
					"color": 0,
					"children": [1, 2, 3]
				},
				{
					"name": "right dots",
					"origin": [0, 0, 0],
					"color": 0,
					"children": [4, 5, 6]
				},
				7,
				8
			]
		},
		9
	]
}