{
	"credit": "Made with Blockbench",
	"textures": {
		"0": "custom/oxygen_generator",
		"particle": "custom/oxygen_generator"
	},
	"elements": [
		{
			"name": "glass",
			"from": [3, 16, 3],
			"to": [13, 25, 13],
			"faces": {
				"north": {"uv": [13, 8, 9, 11.75], "texture": "#0"},
				"east": {"uv": [13, 8, 9, 11.75], "texture": "#0"},
				"south": {"uv": [9, 8, 13, 11.75], "texture": "#0"},
				"west": {"uv": [9, 8, 13, 11.75], "texture": "#0"},
				"up": {"uv": [9, 8, 13, 12], "rotation": 90, "texture": "#0"},
				"down": {"uv": [16, 0, 16, 0], "texture": "#0"}
			}
		},
		{
			"from": [0, 0, 0],
			"to": [16, 16, 16],
			"faces": {
				"north": {"uv": [0, 12, 4, 16], "texture": "#0"},
				"east": {"uv": [4, 12, 8, 16], "texture": "#0"},
				"south": {"uv": [0, 12, 4, 16], "texture": "#0"},
				"west": {"uv": [4, 12, 8, 16], "texture": "#0"},
				"up": {"uv": [4, 8, 8, 12], "texture": "#0"},
				"down": {"uv": [0, 8, 4, 12], "texture": "#0"}
			}
		},
		{
			"from": [6, 16, 6],
			"to": [9, 17, 7],
			"faces": {
				"north": {"uv": [9, 14.25, 9.75, 14], "texture": "#0"},
				"east": {"uv": [9.75, 13.75, 9, 13.5], "texture": "#0"},
				"south": {"uv": [9.25, 15.5, 8.5, 15.25], "texture": "#0"},
				"west": {"uv": [10.25, 13.75, 10, 13.5], "texture": "#0"},
				"up": {"uv": [9.75, 13.75, 9, 13.5], "texture": "#0"},
				"down": {"uv": [9.75, 13.75, 9, 13.5], "texture": "#0"}
			}
		},
		{
			"from": [9, 16, 6],
			"to": [10, 17, 9],
			"faces": {
				"north": {"uv": [8.75, 14, 9, 14.25], "rotation": 180, "texture": "#0"},
				"east": {"uv": [8.25, 13.75, 8.5, 13], "rotation": 90, "texture": "#0"},
				"south": {"uv": [8.75, 13, 9, 13.75], "rotation": 180, "texture": "#0"},
				"west": {"uv": [8.25, 14.75, 8.5, 15.5], "rotation": 90, "texture": "#0"},
				"up": {"uv": [8.75, 13, 9, 13.75], "rotation": 180, "texture": "#0"},
				"down": {"uv": [8.75, 13, 9, 13.75], "rotation": 180, "texture": "#0"}
			}
		},
		{
			"from": [6, 16, 7],
			"to": [7, 17, 10],
			"faces": {
				"north": {"uv": [9.5, 12.75, 9.75, 13.5], "rotation": 180, "texture": "#0"},
				"east": {"uv": [9, 15.25, 9.25, 14.5], "rotation": 90, "texture": "#0"},
				"south": {"uv": [9.5, 12.25, 9.75, 12.5], "rotation": 180, "texture": "#0"},
				"west": {"uv": [10, 12.75, 10.25, 13.5], "rotation": 90, "texture": "#0"},
				"up": {"uv": [9.5, 12.75, 9.75, 13.5], "rotation": 180, "texture": "#0"},
				"down": {"uv": [9.5, 12.75, 9.75, 13.5], "rotation": 180, "texture": "#0"}
			}
		},
		{
			"from": [7, 16, 9],
			"to": [10, 17, 10],
			"faces": {
				"north": {"uv": [8.75, 12.75, 9.5, 13], "texture": "#0"},
				"east": {"uv": [8.25, 12.75, 8.5, 13], "texture": "#0"},
				"south": {"uv": [9.5, 12.25, 8.75, 12.5], "texture": "#0"},
				"west": {"uv": [8.75, 12.75, 9.5, 13], "texture": "#0"},
				"up": {"uv": [8.75, 12.75, 9.5, 13], "texture": "#0"},
				"down": {"uv": [8.75, 12.75, 9.5, 13], "texture": "#0"}
			}
		}
	],
	"display": {
		"thirdperson_righthand": {
			"rotation": [75, 45, 0],
			"translation": [0, 2.5, 0],
			"scale": [0.375, 0.375, 0.375]
		},
		"thirdperson_lefthand": {
			"rotation": [75, 45, 0],
			"translation": [0, 2.5, 0],
			"scale": [0.375, 0.375, 0.375]
		},
		"firstperson_righthand": {
			"rotation": [0, 45, 0],
			"scale": [0.4, 0.4, 0.4]
		},
		"firstperson_lefthand": {
			"rotation": [0, 225, 0],
			"scale": [0.4, 0.4, 0.4]
		},
		"ground": {
			"translation": [0, 3, 0],
			"scale": [0.25, 0.25, 0.25]
		},
		"gui": {
			"rotation": [30, 225, 0],
			"scale": [0.625, 0.625, -0.625]
		},
		"fixed": {
			"rotation": [-90, 0, 0],
			"translation": [0, 0, -16],
			"scale": [2.001, 2.001, 2.001]
		}
	},
	"groups": [
		0,
		1,
		{
			"name": "pot",
			"origin": [0, 0, 0],
			"color": 0,
			"children": [2, 3, 4, 5]
		}
	]
}