{
	"credit": "Made with Blockbench",
	"textures": {
		"0": "custom/oxygen_clearer",
		"particle": "custom/oxygen_clearer"
	},
	"elements": [
		{
			"name": "base",
			"from": [0, 0, 0],
			"to": [16, 16, 16],
			"faces": {
				"north": {"uv": [8, 0, 16, 8], "texture": "#0"},
				"east": {"uv": [8, 0, 16, 8], "texture": "#0"},
				"south": {"uv": [8, 0, 16, 8], "texture": "#0"},
				"west": {"uv": [8, 0, 16, 8], "texture": "#0"},
				"up": {"uv": [8, 0, 16, 8], "texture": "#0"},
				"down": {"uv": [8, 0, 16, 8], "texture": "#0"}
			}
		},
		{
			"name": "a",
			"from": [15.5, 15, 5],
			"to": [16.5, 15.99, 11],
			"rotation": {"angle": 0, "axis": "y", "origin": [8, 10.33333, 8]},
			"faces": {
				"north": {"uv": [2.5, 0, 3, 0.5], "texture": "#0"},
				"east": {"uv": [2.5, 0, 5.5, 0.5], "texture": "#0"},
				"south": {"uv": [5, 0, 5.5, 0.5], "texture": "#0"},
				"west": {"uv": [2.5, 0, 5.5, 0.5], "texture": "#0"},
				"up": {"uv": [2.5, 0, 5.5, 0.5], "rotation": 90, "texture": "#0"},
				"down": {"uv": [2.5, 0, 5.5, 0.5], "rotation": 270, "texture": "#0"}
			}
		},
		{
			"name": "b",
			"from": [15.5, 14, 4],
			"to": [16.5, 15, 12],
			"rotation": {"angle": 0, "axis": "y", "origin": [8, 10.33333, 8]},
			"faces": {
				"north": {"uv": [2, 0.5, 2.5, 1], "texture": "#0"},
				"east": {"uv": [2, 0.5, 6, 1], "texture": "#0"},
				"south": {"uv": [5.5, 0.5, 6, 1], "texture": "#0"},
				"west": {"uv": [2, 0.5, 6, 1], "texture": "#0"},
				"up": {"uv": [2, 0.5, 6, 1], "rotation": 90, "texture": "#0"},
				"down": {"uv": [2, 0.5, 6, 1], "rotation": 270, "texture": "#0"}
			}
		},
		{
			"name": "c",
			"from": [15.5, 13, 2],
			"to": [16.5, 14, 14],
			"rotation": {"angle": 0, "axis": "y", "origin": [8, 10.33333, 8]},
			"faces": {
				"north": {"uv": [1, 1, 1.5, 1.5], "texture": "#0"},
				"east": {"uv": [1, 1, 7, 1.5], "texture": "#0"},
				"south": {"uv": [6.5, 1, 7, 1.5], "texture": "#0"},
				"west": {"uv": [1, 1, 7, 1.5], "texture": "#0"},
				"up": {"uv": [1, 1, 7, 1.5], "rotation": 90, "texture": "#0"},
				"down": {"uv": [1, 1, 7, 1.5], "rotation": 270, "texture": "#0"}
			}
		},
		{
			"name": "d",
			"from": [15.5, 11, 1],
			"to": [16.5, 13, 15],
			"rotation": {"angle": 0, "axis": "y", "origin": [8, 10.33333, 8]},
			"faces": {
				"north": {"uv": [0.5, 1.5, 1, 2.5], "texture": "#0"},
				"east": {"uv": [0.5, 1.5, 7.5, 2.5], "texture": "#0"},
				"south": {"uv": [7, 1.5, 7.5, 2.5], "texture": "#0"},
				"west": {"uv": [0.5, 1.5, 7.5, 2.5], "texture": "#0"},
				"up": {"uv": [0.5, 1.5, 7.5, 2.5], "rotation": 90, "texture": "#0"},
				"down": {"uv": [0.5, 1.5, 7.5, 2.5], "rotation": 270, "texture": "#0"}
			}
		},
		{
			"name": "e",
			"from": [15.5, 1, 2],
			"to": [16.5, 11, 14],
			"rotation": {"angle": 0, "axis": "y", "origin": [8, 10.33333, 8]},
			"faces": {
				"north": {"uv": [1, 2.5, 1.5, 7.5], "texture": "#0"},
				"east": {"uv": [1, 2.5, 7, 7.5], "texture": "#0"},
				"south": {"uv": [6.5, 2.5, 7, 7.5], "texture": "#0"},
				"west": {"uv": [1, 2.5, 7, 7.5], "texture": "#0"},
				"up": {"uv": [1, 2.5, 7, 7.5], "rotation": 90, "texture": "#0"},
				"down": {"uv": [1, 2.5, 7, 7.5], "rotation": 270, "texture": "#0"}
			}
		},
		{
			"name": "a",
			"from": [15.5, 0.01, 3],
			"to": [16.5, 1, 13],
			"rotation": {"angle": 0, "axis": "y", "origin": [8, 10.33333, 8]},
			"faces": {
				"north": {"uv": [1.5, 7.5, 2, 8], "texture": "#0"},
				"east": {"uv": [1.5, 7.5, 6.5, 8], "texture": "#0"},
				"south": {"uv": [6, 7.5, 6.5, 8], "texture": "#0"},
				"west": {"uv": [1.5, 7.5, 6.5, 8], "texture": "#0"},
				"up": {"uv": [1.5, 7.5, 6.5, 8], "rotation": 90, "texture": "#0"},
				"down": {"uv": [1.5, 7.5, 6.5, 8], "rotation": 270, "texture": "#0"}
			}
		},
		{
			"name": "a",
			"from": [-0.5, 15, 5],
			"to": [0.5, 15.99, 11],
			"rotation": {"angle": 0, "axis": "y", "origin": [8, 10.33333, 8]},
			"faces": {
				"north": {"uv": [5, 0, 5.5, 0.5], "texture": "#0"},
				"east": {"uv": [2.5, 0, 5.5, 0.5], "texture": "#0"},
				"south": {"uv": [2.5, 0, 3, 0.5], "texture": "#0"},
				"west": {"uv": [2.5, 0, 5.5, 0.5], "texture": "#0"},
				"up": {"uv": [2.5, 0, 5.5, 0.5], "rotation": 270, "texture": "#0"},
				"down": {"uv": [2.5, 0, 5.5, 0.5], "rotation": 90, "texture": "#0"}
			}
		},
		{
			"name": "b",
			"from": [-0.5, 14, 4],
			"to": [0.5, 15, 12],
			"rotation": {"angle": 0, "axis": "y", "origin": [8, 10.33333, 8]},
			"faces": {
				"north": {"uv": [5.5, 0.5, 6, 1], "texture": "#0"},
				"east": {"uv": [2, 0.5, 6, 1], "texture": "#0"},
				"south": {"uv": [2, 0.5, 2.5, 1], "texture": "#0"},
				"west": {"uv": [2, 0.5, 6, 1], "texture": "#0"},
				"up": {"uv": [2, 0.5, 6, 1], "rotation": 270, "texture": "#0"},
				"down": {"uv": [2, 0.5, 6, 1], "rotation": 90, "texture": "#0"}
			}
		},
		{
			"name": "c",
			"from": [-0.5, 13, 2],
			"to": [0.5, 14, 14],
			"rotation": {"angle": 0, "axis": "y", "origin": [8, 10.33333, 8]},
			"faces": {
				"north": {"uv": [6.5, 1, 7, 1.5], "texture": "#0"},
				"east": {"uv": [1, 1, 7, 1.5], "texture": "#0"},
				"south": {"uv": [1, 1, 1.5, 1.5], "texture": "#0"},
				"west": {"uv": [1, 1, 7, 1.5], "texture": "#0"},
				"up": {"uv": [1, 1, 7, 1.5], "rotation": 270, "texture": "#0"},
				"down": {"uv": [1, 1, 7, 1.5], "rotation": 90, "texture": "#0"}
			}
		},
		{
			"name": "d",
			"from": [-0.5, 11, 1],
			"to": [0.5, 13, 15],
			"rotation": {"angle": 0, "axis": "y", "origin": [8, 10.33333, 8]},
			"faces": {
				"north": {"uv": [7, 1.5, 7.5, 2.5], "texture": "#0"},
				"east": {"uv": [0.5, 1.5, 7.5, 2.5], "texture": "#0"},
				"south": {"uv": [0.5, 1.5, 1, 2.5], "texture": "#0"},
				"west": {"uv": [0.5, 1.5, 7.5, 2.5], "texture": "#0"},
				"up": {"uv": [0.5, 1.5, 7.5, 2.5], "rotation": 270, "texture": "#0"},
				"down": {"uv": [0.5, 1.5, 7.5, 2.5], "rotation": 90, "texture": "#0"}
			}
		},
		{
			"name": "e",
			"from": [-0.5, 1, 2],
			"to": [0.5, 11, 14],
			"rotation": {"angle": 0, "axis": "y", "origin": [8, 10.33333, 8]},
			"faces": {
				"north": {"uv": [6.5, 2.5, 7, 7.5], "texture": "#0"},
				"east": {"uv": [1, 2.5, 7, 7.5], "texture": "#0"},
				"south": {"uv": [1, 2.5, 1.5, 7.5], "texture": "#0"},
				"west": {"uv": [1, 2.5, 7, 7.5], "texture": "#0"},
				"up": {"uv": [1, 2.5, 7, 7.5], "rotation": 270, "texture": "#0"},
				"down": {"uv": [1, 2.5, 7, 7.5], "rotation": 90, "texture": "#0"}
			}
		},
		{
			"name": "a",
			"from": [-0.5, 0.01, 3],
			"to": [0.5, 1, 13],
			"rotation": {"angle": 0, "axis": "y", "origin": [8, 10.33333, 8]},
			"faces": {
				"north": {"uv": [1.5, 7.5, 2, 8], "texture": "#0"},
				"east": {"uv": [1.5, 7.5, 6.5, 8], "texture": "#0"},
				"south": {"uv": [6, 7.5, 6.5, 8], "texture": "#0"},
				"west": {"uv": [1.5, 7.5, 6.5, 8], "texture": "#0"},
				"up": {"uv": [1.5, 7.5, 6.5, 8], "rotation": 90, "texture": "#0"},
				"down": {"uv": [1.5, 7.5, 6.5, 8], "rotation": 270, "texture": "#0"}
			}
		},
		{
			"name": "extra S",
			"from": [3, 10, 9],
			"to": [13, 17, 13],
			"rotation": {"angle": 22.5, "axis": "x", "origin": [0, 0, 0]},
			"faces": {
				"north": {"uv": [2, 10.5, 6, 13], "texture": "#0"},
				"east": {"uv": [6, 10.5, 6.5, 13.5], "texture": "#0"},
				"south": {"uv": [2, 10.5, 6, 13], "texture": "#0"},
				"west": {"uv": [1.5, 10.5, 2, 13.5], "texture": "#0"},
				"up": {"uv": [1.5, 10, 6.5, 10.5], "texture": "#0"},
				"down": {"uv": [1.5, 13, 6.5, 13.5], "texture": "#0"}
			}
		},
		{
			"name": "N",
			"from": [6, 6, -6],
			"to": [10, 18, -5],
			"rotation": {"angle": 0, "axis": "y", "origin": [9, 8, -5]},
			"faces": {
				"north": {"uv": [11, 8, 13, 14], "texture": "#0"},
				"east": {"uv": [10.5, 8, 11, 14], "texture": "#0"},
				"south": {"uv": [13, 8, 11, 14], "texture": "#0"},
				"west": {"uv": [13, 8, 13.5, 14], "texture": "#0"},
				"up": {"uv": [8, 8, 8.5, 10], "rotation": 90, "texture": "#0"},
				"down": {"uv": [15.5, 16, 16, 14], "rotation": 270, "texture": "#0"}
			}
		},
		{
			"name": "E - 1",
			"from": [9, 6, -5],
			"to": [10, 9, 0],
			"rotation": {"angle": 0, "axis": "z", "origin": [8, 8, -0.5]},
			"faces": {
				"north": {"uv": [0, 0, 3, 1], "rotation": 270, "texture": "#0"},
				"east": {"uv": [10.5, 14, 8, 12.5], "rotation": 180, "texture": "#0"},
				"south": {"uv": [0, 0, 3, 1], "rotation": 90, "texture": "#0"},
				"west": {"uv": [8, 14, 10.5, 12.5], "rotation": 180, "texture": "#0"},
				"up": {"uv": [0, 0, 5, 1], "rotation": 90, "texture": "#0"},
				"down": {"uv": [13, 14, 15.5, 14.5], "rotation": 90, "texture": "#0"}
			}
		},
		{
			"name": "E - 2",
			"from": [9, 9, -5],
			"to": [10, 18, -2],
			"rotation": {"angle": 0, "axis": "y", "origin": [8, 8, -0.5]},
			"faces": {
				"north": {"uv": [0, 0, 9, 1], "rotation": 270, "texture": "#0"},
				"east": {"uv": [10.5, 12.5, 9, 8], "rotation": 180, "texture": "#0"},
				"south": {"uv": [8, 14, 12.5, 14.5], "rotation": 90, "texture": "#0"},
				"west": {"uv": [9, 12.5, 10.5, 8], "rotation": 180, "texture": "#0"},
				"up": {"uv": [8.5, 9.5, 9, 11], "rotation": 180, "texture": "#0"},
				"down": {"uv": [0, 0, 3, 1], "rotation": 90, "texture": "#0"}
			}
		},
		{
			"name": "S",
			"from": [7, 9, -3],
			"to": [9, 18, -2],
			"faces": {
				"north": {"uv": [12.5, 14.5, 8, 15.5], "rotation": 270, "texture": "#0"},
				"east": {"uv": [0, 0, 1, 9], "texture": "#0"},
				"south": {"uv": [12.5, 15.5, 8, 14.5], "rotation": 270, "texture": "#0"},
				"west": {"uv": [0, 0, 1, 9], "texture": "#0"},
				"up": {"uv": [8, 11, 8.5, 10], "rotation": 90, "texture": "#0"},
				"down": {"uv": [0, 0, 2, 1], "texture": "#0"}
			}
		},
		{
			"name": "W - 1",
			"from": [6, 6, -5],
			"to": [7, 9, 0],
			"rotation": {"angle": 0, "axis": "z", "origin": [8, 8, -0.5]},
			"faces": {
				"north": {"uv": [0, 0, 3, 1], "rotation": 270, "texture": "#0"},
				"east": {"uv": [13.5, 14, 16, 12.5], "rotation": 180, "texture": "#0"},
				"south": {"uv": [0, 0, 3, 1], "rotation": 90, "texture": "#0"},
				"west": {"uv": [16, 14, 13.5, 12.5], "rotation": 180, "texture": "#0"},
				"up": {"uv": [0, 0, 5, 1], "rotation": 90, "texture": "#0"},
				"down": {"uv": [13, 15.5, 15.5, 16], "rotation": 90, "texture": "#0"}
			}
		},
		{
			"name": "W - 2",
			"from": [6, 9, -5],
			"to": [7, 18, -2],
			"rotation": {"angle": 0, "axis": "y", "origin": [8, 8, -0.5]},
			"faces": {
				"north": {"uv": [0, 0, 9, 1], "rotation": 270, "texture": "#0"},
				"east": {"uv": [13.5, 12.5, 15, 8], "rotation": 180, "texture": "#0"},
				"south": {"uv": [8, 15.5, 12.5, 16], "rotation": 90, "texture": "#0"},
				"west": {"uv": [15, 12.5, 13.5, 8], "rotation": 180, "texture": "#0"},
				"up": {"uv": [8.5, 9.5, 9, 8], "rotation": 180, "texture": "#0"},
				"down": {"uv": [0, 0, 3, 1], "rotation": 90, "texture": "#0"}
			}
		},
		{
			"name": "up",
			"from": [6, 9, -2],
			"to": [10, 10, 0],
			"faces": {
				"north": {"uv": [0, 0, 4, 1], "texture": "#0"},
				"east": {"uv": [8, 12, 9, 12.5], "texture": "#0"},
				"south": {"uv": [0, 0, 4, 1], "texture": "#0"},
				"west": {"uv": [15, 12, 16, 12.5], "texture": "#0"},
				"up": {"uv": [15, 8, 16, 10], "rotation": 90, "texture": "#0"},
				"down": {"uv": [15, 10, 16, 8], "rotation": 270, "texture": "#0"}
			}
		},
		{
			"name": "down",
			"from": [7, 6, -5],
			"to": [9, 7, 0],
			"faces": {
				"north": {"uv": [0, 0, 2, 1], "texture": "#0"},
				"east": {"uv": [0, 0, 5, 1], "texture": "#0"},
				"south": {"uv": [0, 0, 2, 1], "texture": "#0"},
				"west": {"uv": [0, 0, 5, 1], "texture": "#0"},
				"up": {"uv": [13, 15.5, 15.5, 14.5], "rotation": 270, "texture": "#0"},
				"down": {"uv": [15.5, 15.5, 13, 14.5], "rotation": 270, "texture": "#0"}
			}
		}
	],
	"display": {
		"thirdperson_righthand": {
			"rotation": [75, 45, 0],
			"translation": [0, 2.5, 0],
			"scale": [0.375, 0.375, 0.375]
		},
		"thirdperson_lefthand": {
			"rotation": [75, 45, 0],
			"translation": [0, 2.5, 0],
			"scale": [0.375, 0.375, 0.375]
		},
		"firstperson_righthand": {
			"rotation": [0, 45, 0],
			"scale": [0.4, 0.4, 0.4]
		},
		"firstperson_lefthand": {
			"rotation": [0, 225, 0],
			"scale": [0.4, 0.4, 0.4]
		},
		"ground": {
			"translation": [0, 3, 0],
			"scale": [0.25, 0.25, 0.25]
		},
		"gui": {
			"rotation": [30, 225, 0],
			"scale": [0.625, 0.625, -0.625]
		},
		"fixed": {
			"rotation": [-90, 0, 0],
			"translation": [0, 0, -16],
			"scale": [2.001, 2.001, 2.001]
		}
	},
	"groups": [
		0,
		{
			"name": "trash E",
			"origin": [0, 0, 0],
			"color": 0,
			"children": [1, 2, 3, 4, 5, 6]
		},
		{
			"name": "trash W",
			"origin": [0, 0, 0],
			"color": 0,
			"children": [7, 8, 9, 10, 11, 12]
		},
		13,
		{
			"name": "pipe N",
			"origin": [0, 0, 0],
			"color": 0,
			"children": [14, 15, 16, 17, 18, 19, 20, 21]
		}
	]
}