{
    "parent": "item/generated",
    "textures": {
        "layer0": "items/tpstaff"
	},
	
	"display": {
		"thirdperson_righthand": {
			"rotation": [0, 90, 42],
			"translation": [0, 2.75, 0.75],
			"scale": [0.9, 0.9, 0.9]
		},
		"thirdperson_lefthand": {
			"rotation": [90, -90, 42],
			"translation": [0, 2.75, 0.75],
			"scale": [0.9, 0.9, 0.9]
		},
		"firstperson_righthand": {
			"rotation": [0, 90, 25],
			"translation": [1.13, 3.5, 1.13],
			"scale": [1, 1, 1]
		},
		"firstperson_lefthand": {
			"rotation": [0, -90, -25],
			"translation": [1.13, 3.2, 1.13],
			"scale": [1, 1, 1]
		},
		"ground": {
			"rotation": [180, 0, -90]
		}
	}
}

